Date,total_sales,n_orders,total_quantity,avg_unit_price,avg_session_duration,avg_pages_viewed,pct_returning,avg_discount_amount,has_discount_rate,avg_customer_rating,avg_delivery_days,avg_unit_price_wt,week_idx,total_sales_lag_1,total_sales_lag_2,total_sales_lag_4,total_sales_lag_12,avg_session_duration_lag_1,avg_session_duration_lag_2,avg_session_duration_lag_4,avg_pages_viewed_lag_1,avg_pages_viewed_lag_2,avg_pages_viewed_lag_4,pct_returning_lag_1,pct_returning_lag_2,pct_returning_lag_4,avg_discount_amount_lag_1,avg_discount_amount_lag_2,avg_discount_amount_lag_4,has_discount_rate_lag_1,has_discount_rate_lag_2,has_discount_rate_lag_4,total_quantity_lag_1,total_quantity_lag_2,total_quantity_lag_4,total_sales_rollmean_3,total_sales_rollstd_3,total_sales_rollmed_3,total_sales_rollq25_3,total_sales_rollq75_3,total_sales_rollmean_4,total_sales_rollstd_4,total_sales_rollmed_4,total_sales_rollq25_4,total_sales_rollq75_4,total_sales_rollmean_12,total_sales_rollstd_12,total_sales_rollmed_12,total_sales_rollq25_12,total_sales_rollq75_12,total_quantity_rollmean_3,total_quantity_rollstd_3,total_quantity_rollmean_4,total_quantity_rollstd_4,avg_unit_price_wt_rollmean_3,avg_unit_price_wt_rollstd_3,avg_unit_price_wt_rollmean_4,avg_unit_price_wt_rollstd_4,avg_session_duration_rollmean_3,avg_session_duration_rollstd_3,avg_session_duration_rollmean_4,avg_session_duration_rollstd_4,avg_pages_viewed_rollmean_3,avg_pages_viewed_rollstd_3,avg_pages_viewed_rollmean_4,avg_pages_viewed_rollstd_4,avg_discount_amount_rollmean_3,avg_discount_amount_rollstd_3,avg_discount_amount_rollmean_4,avg_discount_amount_rollstd_4,seasonal_naive_4,seasonal_naive_resid_4,avg_discount_pct,avg_qty_per_order,unique_customers,orders_per_customer,returning_times_session,discountrate_times_qty,category_share_Electronics,category_share_Home & Garden,category_share_Sports,category_share_Fashion,category_share_Toys
2023-01-02,80246.01,67,193,415.4961194029851,14.388059701492537,9.044776119402986,0.582089552238806,43.46432835820896,0.417910447761194,3.970149253731343,6.462686567164179,430.87108808290145,0,,,,,,,,,,,,,,,,,,,,,,,,,,,,,,,,,,,,,,,,,,,,,,,,,,,,,,,,,,,,0.10087548122942572,2.8805970149253732,67,1.0,8.375139229226999,1.2038315883270216,0.5193199013882435,0.19007798643197338,0.06656816955758922,0.09012410710513832,0.045319761069740415
2023-01-09,300235.22,254,763,448.6129921259842,14.5,9.031496062992126,0.6023622047244095,57.83346456692914,0.37401574803149606,3.9960629921259843,6.05511811023622,412.7456356487549,1,80246.01,,,,14.388059701492537,,,9.044776119402986,,,0.582089552238806,,,43.46432835820896,,,0.417910447761194,,,193.0,,,80246.01,,80246.01,80246.01,80246.01,80246.01,,80246.01,80246.01,80246.01,80246.01,,80246.01,80246.01,80246.01,193.0,,193.0,,430.87108808290145,,430.87108808290145,,14.388059701492537,,14.388059701492537,,9.044776119402986,,9.044776119402986,,43.46432835820896,,43.46432835820896,,,,0.14011890029079607,3.0039370078740157,252,1.007936507936508,8.734251968503937,1.123519747039494,0.41975921412551137,0.19770158877429506,0.1975466769021969,0.058083258852842115,0.04228970871571963
2023-01-16,281004.2,268,785,393.8717910447761,14.425373134328359,9.0,0.6417910447761194,58.349999999999994,0.40298507462686567,3.9328358208955225,6.414179104477612,377.887898089172,2,300235.22,80246.01,,,14.5,14.388059701492537,,9.031496062992126,9.044776119402986,,0.6023622047244095,0.582089552238806,,57.83346456692914,43.46432835820896,,0.37401574803149606,0.417910447761194,,763.0,193.0,,190240.615,155555.8621788714,190240.615,135243.3125,245237.91749999998,190240.615,155555.8621788714,190240.615,135243.3125,245237.91749999998,190240.615,155555.8621788714,190240.615,135243.3125,245237.91749999998,478.0,403.0508652763321,478.0,403.0508652763321,421.80836186582815,12.81663032825922,421.80836186582815,12.81663032825922,14.444029850746269,0.07915374416267339,14.444029850746269,0.07915374416267339,9.038136091197556,0.009390417942658949,9.038136091197556,0.009390417942658949,50.64889646256905,10.160513652979196,50.64889646256905,10.160513652979196,,,0.1544108723646685,2.9291044776119404,259,1.0347490347490347,9.25807529516596,1.1803853865003342,0.36567079780302214,0.18289068277271298,0.20332091121769708,0.11655758170162582,0.04982498482229091
2023-01-23,297780.2,263,781,393.16980988593156,14.29277566539924,9.034220532319392,0.6996197718631179,61.75247148288973,0.3574144486692015,3.897338403041825,6.619771863117871,402.07567221510885,3,281004.2,300235.22,,,14.425373134328359,14.5,,9.0,9.031496062992126,,0.6417910447761194,0.6023622047244095,,58.349999999999994,57.83346456692914,,0.40298507462686567,0.37401574803149606,,785.0,763.0,,220495.1433333333,121839.33101886036,281004.2,180625.10499999998,290619.70999999996,220495.1433333333,121839.33101886036,281004.2,180625.10499999998,290619.70999999996,220495.1433333333,121839.33101886036,281004.2,180625.10499999998,290619.70999999996,580.3333333333334,335.62081778896453,580.3333333333334,335.62081778896453,407.1682072736094,26.928337972066075,407.1682072736094,26.928337972066075,14.437810945273633,0.056997210136266754,14.437810945273633,0.056997210136266754,9.02542406079837,0.022997328653092033,9.02542406079837,0.022997328653092033,53.215930975046035,8.449083820801647,53.215930975046035,8.449083820801647,,,0.15358420255243,2.96958174904943,251,1.047808764940239,9.99950845031734,1.0613714236146252,0.4206536230414245,0.1621179312795142,0.2135960013459592,0.08060277345505175,0.04432756106685401
2023-01-30,304189.39,254,719,440.54905511811023,14.55511811023622,9.070866141732283,0.6771653543307087,77.98114173228346,0.41338582677165353,3.822834645669291,6.496062992125984,450.62114047287895,4,297780.2,281004.2,80246.01,,14.29277566539924,14.425373134328359,14.388059701492537,9.034220532319392,9.0,9.044776119402986,0.6996197718631179,0.6417910447761194,0.582089552238806,61.75247148288973,58.349999999999994,43.46432835820896,0.3574144486692015,0.40298507462686567,0.417910447761194,781.0,785.0,193.0,293006.54,10466.561274209926,297780.2,289392.2,299007.70999999996,239816.4075,106722.97496200817,289392.2,230814.65250000003,298393.955,239816.4075,106722.97496200817,289392.2,230814.65250000003,298393.955,776.3333333333334,11.718930554164004,630.5,291.82357684052874,397.5697353176786,17.860377023901414,405.8950735089843,22.133844423319797,14.4060495999092,0.10495489721551027,14.401552125305034,0.08616609587074246,9.021905531770505,0.019019593184142213,9.027623178678626,0.01928546675411098,59.31197868327295,2.129250112631312,55.350066102006956,8.112303982293534,80246.01,223943.38,0.17305255951917956,2.8307086614173227,248,1.0241935483870968,9.856221712443425,1.1701748403496806,0.39764638076298453,0.24773881824083346,0.1507584469004655,0.08190410585983948,0.05531129800418088
2023-02-06,351407.26,277,841,419.50332129963897,14.974729241877256,8.87725631768953,0.7111913357400722,62.93992779783394,0.37906137184115524,3.9422382671480145,6.3140794223826715,438.57505350772897,5,304189.39,297780.2,300235.22,,14.55511811023622,14.29277566539924,14.5,9.070866141732283,9.034220532319392,9.031496062992126,0.6771653543307087,0.6996197718631179,0.6023622047244095,77.98114173228346,61.75247148288973,57.83346456692914,0.41338582677165353,0.3574144486692015,0.37401574803149606,719.0,781.0,763.0,294324.5966666667,11972.641923653453,297780.2,289392.2,300984.79500000004,295802.2525,10212.57248697992,299007.70999999996,293586.2,301223.76249999995,252691.00400000002,96804.55161687972,297780.2,281004.2,300235.22,761.6666666666666,37.00450423034089,762.0,30.221405217714988,410.19490359238665,37.04014815750733,410.8325866064787,30.27003373292761,14.424422303321274,0.13117380702893439,14.443316727490956,0.11357395017839564,9.035028891350558,0.035439985810487025,9.03414568426095,0.028990491807100043,66.02787107172439,10.490696481235464,63.979269445525574,9.495097836904849,300235.22,51172.04000000004,0.14351004986361987,3.036101083032491,272,1.0183823529411764,10.649897691876605,1.1508686415827132,0.5730555481409234,0.1512178775134014,0.08818824630999371,0.062049600227382894,0.055523468695552844
2023-02-13,341518.2,275,865,431.0200727272727,14.432727272727274,8.774545454545455,0.7272727272727273,66.81087272727274,0.39636363636363636,3.9854545454545454,6.712727272727273,416.0591791907514,6,351407.26,304189.39,281004.2,,14.974729241877256,14.55511811023622,14.425373134328359,8.87725631768953,9.070866141732283,9.0,0.7111913357400722,0.6771653543307087,0.6417910447761194,62.93992779783394,77.98114173228346,58.349999999999994,0.37906137184115524,0.41338582677165353,0.40298507462686567,841.0,719.0,785.0,317792.2833333334,29287.2740510178,304189.39,300984.79500000004,327798.325,308595.2625,30169.030197561056,300984.79500000004,293586.2,315993.85750000004,269143.7133333333,95504.17183264313,299007.70999999996,285198.2,303200.84750000003,780.3333333333334,61.002732179250096,781.5,49.86314604327861,430.4239553985722,25.278368665330483,417.2899410712222,33.40668512425404,14.60754100583757,0.3439858864913086,14.56199903796027,0.295263402330908,8.994114330580402,0.102847321573839,8.995585747935301,0.08402603552513312,67.55784700433571,9.046342789449383,65.25588525325178,8.703657671153476,281004.2,60514.0,0.16058021567321756,3.1454545454545455,269,1.0223048327137547,10.496528925619836,1.2467438016528927,0.501030633213691,0.14746985665771253,0.14995060292540777,0.06730344092935603,0.05664927959915459
2023-02-20,373824.13,258,797,466.31267441860473,14.771317829457365,8.926356589147288,0.6976744186046512,73.58608527131783,0.42248062015503873,3.895348837209302,6.6976744186046515,492.85989962358843,7,341518.2,351407.26,297780.2,,14.432727272727274,14.974729241877256,14.29277566539924,8.774545454545455,8.87725631768953,9.034220532319392,0.7272727272727273,0.7111913357400722,0.6996197718631179,66.81087272727274,62.93992779783394,61.75247148288973,0.39636363636363636,0.37906137184115524,0.3574144486692015,865.0,841.0,781.0,332371.6166666667,24902.34530801103,341518.2,322853.79500000004,346462.73,323723.7625,26693.80817052302,322853.79500000004,302587.0925,343990.465,279482.9257142857,91373.77935240281,300235.22,289392.2,322853.79500000004,808.3333333333334,78.2900589687689,801.5,65.36818798161684,435.0851243904531,17.543289196998526,426.8327613466171,21.853694892674387,14.654191541613583,0.28425902315366824,14.563837572559997,0.2941498830944252,8.907555971322424,0.1504660731574495,8.939222111571665,0.138218440161774,69.24398075246337,7.810220237109516,67.37110343506997,7.39574457951758,297780.2,76043.93,0.14930426542617423,3.0891472868217056,249,1.036144578313253,10.305570578691185,1.3051048614866896,0.52483350927614,0.18379806033387944,0.15662723537937479,0.04609052390491753,0.029685617137663104
2023-02-27,311282.96,266,809,463.3512406015038,14.81203007518797,8.860902255639099,0.7443609022556391,70.02511278195489,0.37593984962406013,3.763157894736842,6.37593984962406,407.79930778739185,8,373824.13,341518.2,304189.39,,14.771317829457365,14.432727272727274,14.55511811023622,8.926356589147288,8.774545454545455,9.070866141732283,0.6976744186046512,0.7272727272727273,0.6771653543307087,73.58608527131783,66.81087272727274,77.98114173228346,0.42248062015503873,0.39636363636363636,0.41338582677165353,797.0,865.0,719.0,355583.1966666667,16552.85816933793,351407.26,346462.73,362615.695,342734.745,29034.386222296605,346462.73,332185.9975,357011.47750000004,291275.57625,90933.83410218707,302212.305,293586.2,343990.465,834.3333333333334,34.48671241700652,805.5,64.17424197708401,449.1647107740229,39.48028996238342,449.52881819873693,32.24374606870056,14.726258114687298,0.27379612316828694,14.683473113574529,0.23937091856684334,8.859386120460758,0.07746717439677066,8.91225612577864,0.123214143892916,67.7789619321415,5.388697873233553,70.32950688217699,6.736455151977252,304189.39,7093.570000000007,0.1717146435630117,3.0413533834586466,252,1.0555555555555556,11.025496071004579,1.14336593363107,0.3530257165377764,0.23052341188223086,0.20169995813455385,0.07730333199093198,0.06401449022458537
2023-03-06,310015.77999999997,223,671,507.64896860986545,14.538116591928251,8.708520179372197,0.7443946188340808,81.53273542600897,0.4125560538116592,3.8878923766816142,6.322869955156951,489.1171087928465,9,311282.96,373824.13,351407.26,,14.81203007518797,14.771317829457365,14.974729241877256,8.860902255639099,8.926356589147288,8.87725631768953,0.7443609022556391,0.6976744186046512,0.7111913357400722,70.02511278195489,73.58608527131783,62.93992779783394,0.37593984962406013,0.42248062015503873,0.37906137184115524,809.0,797.0,841.0,342208.43,31276.2977241854,341518.2,326400.58,357671.16500000004,344508.13749999995,25947.880155486277,346462.73,333959.39,357011.47750000004,293498.6188888889,85321.8563946392,304189.39,297780.2,341518.2,823.6666666666666,36.295086903509564,828.0,30.87609647175838,438.9061288672439,46.90749836669122,438.82336002736514,38.30016977426488,14.672025059124202,0.2082353108119736,14.747701104812466,0.22763000390257757,8.853934766443947,0.07614502332087532,8.859765154255344,0.06325622556304164,70.14069026018181,3.3890846654150595,68.34049964459484,4.540925924965518,351407.26,-41391.48000000004,0.16669368942590015,3.008968609865471,216,1.0324074074074074,10.822095759013855,1.2413682157292527,0.5944432570496896,0.14289901630168633,0.12206281886683318,0.03863861381507742,0.04039529858770415
2023-03-13,323682.07,239,708,501.3267364016736,14.322175732217573,9.242677824267782,0.7615062761506276,70.93836820083682,0.3723849372384937,3.933054393305439,6.665271966527197,481.1247740112994,10,310015.77999999997,311282.96,341518.2,,14.538116591928251,14.81203007518797,14.432727272727274,8.708520179372197,8.860902255639099,8.774545454545455,0.7443946188340808,0.7443609022556391,0.7272727272727273,81.53273542600897,70.02511278195489,66.81087272727274,0.4125560538116592,0.37593984962406013,0.39636363636363636,671.0,809.0,865.0,331707.62333333335,36479.46732945288,311282.96,310649.37,342553.54500000004,334160.2675,30186.578884114726,326400.58,310966.16500000004,349594.6825,295150.335,80611.61232799654,307102.58499999996,298393.955,333959.39,759.0,76.44605941446542,785.5,81.88406438373705,463.2587720679423,48.06574928693926,451.45887384864454,45.79477293629057,14.707154832191195,0.14779992131764239,14.638547942325216,0.18273158596512987,8.831926341386195,0.11177154405759142,8.81758111967601,0.09566465866592991,75.04797782642723,5.891450764582522,72.9887015516386,6.332608981399055,341518.2,-17836.130000000005,0.14744276751620944,2.9623430962343096,227,1.052863436123348,10.906426708215893,1.1031319479700985,0.4270685429069333,0.23048449980562716,0.1645614784902976,0.08437860027279237,0.03012446750603146
2023-03-20,313631.01,270,793,424.90207407407405,14.537037037037036,9.385185185185184,0.7703703703703704,66.7128148148148,0.34444444444444444,3.9,6.707407407407407,418.2137074401009,11,323682.07,310015.77999999997,373824.13,,14.322175732217573,14.538116591928251,14.771317829457365,9.242677824267782,8.708520179372197,8.926356589147288,0.7615062761506276,0.7443946188340808,0.6976744186046512,70.93836820083682,81.53273542600897,73.58608527131783,0.3723849372384937,0.4125560538116592,0.42248062015503873,708.0,671.0,797.0,314993.60333333333,7551.061253321952,311282.96,310649.37,317482.515,329701.235,30054.451711357004,317482.515,310966.16500000004,336217.585,297744.1290909091,76957.2237256105,310015.77999999997,299007.70999999996,332600.135,729.3333333333334,71.43061901827053,746.25,67.42588523705118,459.34706353051257,44.820170631417774,467.72527255378156,40.24933965549349,14.55744079977793,0.24549824457315808,14.61091005719779,0.22719031232674905,8.937366753093025,0.2751657898944933,8.934614212106592,0.2247393613641549,74.16540546960022,6.396614094970691,74.02057542002963,5.230839724781586,373824.13,-60193.119999999995,0.1595184797341197,2.937037037037037,262,1.0305343511450382,11.198902606310012,1.0116460905349793,0.43714452853370583,0.16746140631948353,0.19905120351460143,0.06609652534039923,0.062450457306501665
2023-03-27,390888.82,250,785,551.5591999999999,14.548,8.96,0.784,82.29296,0.368,3.936,7.0,524.1554904458598,12,313631.01,323682.07,311282.96,80246.01,14.537037037037036,14.322175732217573,14.81203007518797,9.385185185185184,9.242677824267782,8.860902255639099,0.7703703703703704,0.7615062761506276,0.7443609022556391,66.7128148148148,70.93836820083682,70.02511278195489,0.34444444444444444,0.3723849372384937,0.37593984962406013,793.0,708.0,809.0,315776.2866666667,7081.209612306375,313631.01,311823.395,318656.54000000004,314652.95499999996,6202.944127505767,312456.985,310966.16500000004,316143.775,299068.0358333333,73519.01613732615,310649.37,299621.46499999997,328141.10250000004,724.0,62.55397669213349,745.25,66.44483927790526,462.81853008141553,38.83506155476559,449.0637245079097,41.97880468484172,14.465776453727619,0.12436304424283125,14.552339859092708,0.2007079232180396,9.112127729608389,0.3567231110184144,9.049321361116066,0.317195226397263,73.0613061472202,7.634635608440682,72.30225780590388,6.415844302994526,311282.96,79605.85999999999,0.15700104549129026,3.14,247,1.0121457489878543,11.405632,1.15552,0.5821019132754935,0.14994931295297728,0.12413673023444365,0.054361851536198956,0.04122888446899044
2023-04-03,320561.13,260,755,438.7463846153846,14.196153846153846,8.961538461538462,0.8,85.00853846153846,0.4307692307692308,3.8615384615384616,6.053846153846154,453.8587417218543,13,390888.82,313631.01,310015.77999999997,300235.22,14.548,14.537037037037036,14.538116591928251,8.96,9.385185185185184,8.708520179372197,0.784,0.7703703703703704,0.7443946188340808,82.29296,66.7128148148148,81.53273542600897,0.368,0.34444444444444444,0.4125560538116592,785.0,793.0,671.0,342733.96666666673,42005.039893410634,323682.07,318656.54000000004,357285.445,334554.42,37998.71294732743,318656.54000000004,312727.2025,340483.7575,324954.9366666667,32976.439068363296,312456.985,303200.84750000003,343990.465,762.0,46.93612681080513,739.25,59.488794463047086,474.49799063242,53.28086936295954,478.15277017252663,44.11345615564078,14.46907092308487,0.1273330061852994,14.486332340295714,0.10954887374728517,9.195954336484322,0.2164091579814255,9.074095797206292,0.30103149915812516,73.31471433855053,8.057325655732967,75.36921961041514,7.75656488381507,310015.77999999997,10545.350000000035,0.1873017541515938,2.9038461538461537,252,1.0317460317460319,11.356923076923078,1.2508875739644971,0.49686226773657804,0.20379501407422662,0.12741005124358026,0.06236716847111189,0.04160872529991393
2023-04-10,318879.66,260,786,461.16519230769234,14.38076923076923,8.934615384615384,0.7846153846153846,72.67784615384616,0.41923076923076924,4.0346153846153845,6.5115384615384615,429.7403307888041,14,320561.13,390888.82,323682.07,281004.2,14.196153846153846,14.548,14.322175732217573,8.961538461538462,8.96,9.242677824267782,0.8,0.784,0.7615062761506276,85.00853846153846,82.29296,70.93836820083682,0.4307692307692308,0.368,0.3723849372384937,755.0,785.0,708.0,341693.6533333333,42744.94073366367,320561.13,317096.07,355724.975,337190.7575,36044.29112115186,322121.6,318828.6,340483.7575,326648.7625,32101.704094421824,317096.07,308559.1825,343990.465,777.6666666666666,20.03330560175511,760.25,38.482680086847665,465.409313202605,53.90711569689819,469.3381784047786,44.710871261322836,14.427063627730293,0.20004884918437568,14.400841653852114,0.17155192322715349,9.10224121557455,0.24503787293038104,9.137350367747857,0.2120369064859819,78.00477109211776,9.872932645449595,76.23817036929752,8.801517585234881,323682.07,-4802.410000000033,0.16912037560087348,3.023076923076923,253,1.0276679841897234,11.283372781065088,1.2673668639053255,0.43830393572296206,0.238697005635292,0.12497871454077693,0.0659545673123209,0.052093099948739285
2023-04-17,456454.26,286,878,524.0043006993008,14.520979020979022,8.828671328671328,0.8146853146853147,96.63797202797203,0.36713286713286714,3.867132867132867,6.416083916083916,551.358451025057,15,318879.66,320561.13,313631.01,297780.2,14.38076923076923,14.196153846153846,14.537037037037036,8.934615384615384,8.961538461538462,9.385185185185184,0.7846153846153846,0.8,0.7703703703703704,72.67784615384616,85.00853846153846,66.7128148148148,0.41923076923076924,0.4307692307692308,0.34444444444444444,786.0,755.0,793.0,343443.2033333333,41097.709680716034,320561.13,319720.395,355724.975,335990.155,36717.92766260494,319720.395,317567.4975,338143.0525,329805.05083333334,28909.10592426715,319720.395,310966.16500000004,343990.465,775.3333333333334,17.616280348964477,779.75,16.879474715365482,469.25152098550603,49.05363221374591,456.4920675991548,47.490916588840335,14.374974358974358,0.1759946430958093,14.415490028490028,0.16497117173664128,8.952051282051281,0.015119510756747539,9.060334757834758,0.21691851983640745,79.99311487179487,6.479078553856445,76.67303985754987,8.489831074421796,313631.01,142823.25,0.17527249622873783,3.06993006993007,276,1.036231884057971,11.830028363245146,1.1270722284708299,0.5964640794457696,0.16924618032921854,0.08406965026462891,0.0675726632499826,0.03242329253318832
2023-04-24,316921.01,247,747,393.71056680161945,14.34008097165992,8.94331983805668,0.8623481781376519,59.62004048582996,0.3805668016194332,3.8623481781376516,6.384615384615385,443.9721017402945,16,456454.26,318879.66,390888.82,304189.39,14.520979020979022,14.38076923076923,14.548,8.828671328671328,8.934615384615384,8.96,0.8146853146853147,0.7846153846153846,0.784,96.63797202797203,72.67784615384616,82.29296,0.36713286713286714,0.41923076923076924,0.368,878.0,786.0,785.0,365298.35000000003,78947.81049076843,320561.13,319720.395,388507.695,371695.9675,65718.25641501308,355724.975,320140.7625,407280.18,343027.88916666666,44832.42548882012,322121.6,313043.9975,357011.47750000004,806.3333333333334,63.97134775298478,801.0,53.31041174104731,478.31917451190515,64.39313916604279,489.77825349539376,57.354681985904485,14.365967365967364,0.16291767844914823,14.411475524475525,0.16117924782900112,8.908275058275057,0.0702408594969473,8.921206293706293,0.06291305874796065,84.77478554778554,11.981773169882052,84.15432916083917,9.861463213374961,390888.82,-73967.81,0.13428780829275,3.0242914979757085,242,1.0206611570247934,12.36614270025734,1.1509449425494598,0.4855955116386888,0.1668954986606915,0.1697505949510889,0.07170386084532546,0.03995200570640615
2023-05-01,324367.17,265,795,435.53415094339624,14.271698113207547,8.90188679245283,0.8679245283018868,68.06494339622641,0.37735849056603776,3.8075471698113206,6.566037735849057,430.69733333333335,17,316921.01,456454.26,320561.13,351407.26,14.34008097165992,14.520979020979022,14.196153846153846,8.94331983805668,8.828671328671328,8.961538461538462,0.8623481781376519,0.8146853146853147,0.8,59.62004048582996,96.63797202797203,85.00853846153846,0.3805668016194332,0.36713286713286714,0.4307692307692308,747.0,878.0,755.0,364084.9766666666,80000.14034419453,318879.66,317900.33499999996,387666.95999999996,353204.015,68849.56749241847,319720.395,318389.9975,354534.4125,344088.8575,43972.14242508176,322121.6,316098.51,357011.47750000004,803.6666666666666,67.26316475853115,791.5,60.069404303133624,475.02362785138513,66.4897717534112,469.73240631900245,55.31046856698548,14.413943074469392,0.0949020758005057,14.359495767390506,0.13364993946900383,8.90220218378113,0.063828143223132,8.917036253220463,0.059968489303948116,76.31195288921604,18.77463349143532,78.48609928229666,15.934205094052603,320561.13,3806.039999999979,0.15803428098670932,3.0,259,1.0231660231660231,12.386756852972589,1.1320754716981134,0.4818053873947848,0.14795162531399217,0.14830178405539626,0.08328999510030563,0.06412202566616099
2023-05-08,352596.79,292,843,420.4052054794521,14.54109589041096,9.08904109589041,0.8356164383561644,60.48719178082191,0.4246575342465753,3.791095890410959,6.541095890410959,439.2159549228944,18,324367.17,316921.01,318879.66,341518.2,14.271698113207547,14.34008097165992,14.38076923076923,8.90188679245283,8.94331983805668,8.934615384615384,0.8679245283018868,0.8623481781376519,0.7846153846153846,68.06494339622641,59.62004048582996,72.67784615384616,0.37735849056603776,0.3805668016194332,0.41923076923076924,795.0,747.0,786.0,365914.14666666667,78498.37843227094,324367.17,320644.08999999997,390410.71499999997,354155.525,68271.9391721803,321623.415,318389.9975,357388.9425,341835.51666666666,44254.94097502259,322121.6,316098.51,349594.6825,806.6666666666666,66.2746809372426,801.5,55.090834083357244,475.3426286995616,66.1653897587747,463.94205422187224,58.63842535663586,14.377586035282162,0.12880300886556562,14.37838183415393,0.10517925926053112,8.89129265306028,0.05805382862631016,8.902123335949057,0.052115699292980426,74.77431863667613,19.399577340822376,74.25020051596864,15.874335678053285,318879.66,33717.130000000005,0.13771628990900525,2.886986301369863,286,1.020979020979021,12.150778757740666,1.2259804841433664,0.4498361995865022,0.1403171877996961,0.2101397746700984,0.09970935923721824,0.030509097941589316
2023-05-15,335039.45,260,772,439.8977307692308,14.634615384615385,9.023076923076923,0.8538461538461538,58.06619230769231,0.3730769230769231,3.8884615384615384,6.461538461538462,453.54489637305704,19,352596.79,324367.17,456454.26,373824.13,14.54109589041096,14.271698113207547,14.520979020979022,9.08904109589041,8.90188679245283,8.828671328671328,0.8356164383561644,0.8679245283018868,0.8146853146853147,60.48719178082191,68.06494339622641,96.63797202797203,0.4246575342465753,0.37735849056603776,0.36713286713286714,843.0,795.0,878.0,331294.99,18819.83892376315,324367.17,320644.08999999997,338481.98,362584.8075,64438.61374577728,338481.98,322505.63,378561.1575,342758.7325,44363.14419539841,322121.6,316098.51,357903.625,795.0,47.9999999999997,815.75,57.081082680692,437.9617966655074,6.725663815976425,466.3109602553948,56.96364344177625,14.384291658426141,0.1400347428632966,14.418463499064362,0.13320664989510256,8.978082575466638,0.09830065746462482,8.940729763767813,0.10964918151032005,62.72405855429276,4.645619012919412,71.20253692271258,17.376024644622177,456454.26,-121414.81,0.1280274406614219,2.9692307692307693,255,1.0196078431372548,12.495710059171598,1.107751479289941,0.5867068788466553,0.08505296913542569,0.1353117968645185,0.07785945804292597,0.04308152368325581
2023-05-22,335999.58,262,816,417.44938931297713,14.538167938931299,9.00381679389313,0.8549618320610687,65.80694656488551,0.3473282442748092,3.8740458015267176,6.293893129770993,432.89338235294116,20,335039.45,352596.79,316921.01,311282.96,14.634615384615385,14.54109589041096,14.34008097165992,9.023076923076923,9.08904109589041,8.94331983805668,0.8538461538461538,0.8356164383561644,0.8623481781376519,58.06619230769231,60.48719178082191,59.62004048582996,0.3730769230769231,0.4246575342465753,0.3805668016194332,772.0,843.0,747.0,337334.47,14254.059033706493,335039.45,329703.31,343818.12,332231.105,15479.969958535266,329703.31,322505.63,339428.78500000003,339526.67583333334,43294.07718136102,322121.6,316098.51,339428.78500000003,803.3333333333334,36.226141573914624,789.25,40.8442162368186,441.1527282097616,11.546259233495125,441.8575715923948,9.532293443914057,14.482469796077964,0.18842770675800893,14.446872589973452,0.16952476155174914,9.004668270473386,0.09492545597367642,8.989331162369211,0.08335547773163934,62.20610916158021,5.2162978781909555,61.55959199264265,4.4510425934011195,316921.01,19078.570000000007,0.15201652242221764,3.114503816793893,253,1.0355731225296443,12.429578695880194,1.081755142474215,0.5225608912963522,0.1277112013056683,0.12601286584941565,0.0817673045900831,0.05821263228959988
2023-05-29,341649.57,284,887,412.1673943661972,14.482394366197184,8.79225352112676,0.8943661971830986,67.93757042253522,0.3345070422535211,3.98943661971831,6.52112676056338,406.92653889515225,21,335999.58,335039.45,324367.17,310015.77999999997,14.538167938931299,14.634615384615385,14.271698113207547,9.00381679389313,9.023076923076923,8.90188679245283,0.8549618320610687,0.8538461538461538,0.8679245283018868,65.80694656488551,58.06619230769231,68.06494339622641,0.3473282442748092,0.3730769230769231,0.37735849056603776,816.0,772.0,795.0,341211.94,9871.249644603678,335999.58,335519.515,344298.185,337000.7475,11657.513261938802,335519.515,332371.38,340148.8825,341586.3941666667,42407.08769494412,324024.62,318389.9975,340148.8825,810.3333333333334,35.83759664560816,806.5,30.248966924508277,441.88474454963085,10.581261096135263,439.0878917455565,10.292307808279142,14.571293071319213,0.05485826962135403,14.496394331791299,0.1563507954207986,9.038644937620154,0.04469415756388308,9.004455401328324,0.07750747951626878,61.45344355113324,3.9598044118725353,63.10631851240653,4.623997174589043,324367.17,17282.400000000023,0.1669529114689663,3.1232394366197185,274,1.0364963503649636,12.952563975401707,1.0447455861932158,0.4623370958728266,0.1887027986015027,0.12374228950441822,0.10997511280344945,0.053229219635780596
2023-06-05,323050.42,265,782,447.00879245283016,14.418867924528302,9.052830188679245,0.8679245283018868,63.28460377358491,0.38113207547169814,3.8,6.720754716981132,434.5535038363171,22,341649.57,335999.58,352596.79,323682.07,14.482394366197184,14.538167938931299,14.54109589041096,8.79225352112676,9.00381679389313,9.08904109589041,0.8943661971830986,0.8549618320610687,0.8356164383561644,67.93757042253522,65.80694656488551,60.48719178082191,0.3345070422535211,0.3473282442748092,0.4246575342465753,887.0,816.0,843.0,337562.8666666667,3571.5991523717535,335999.58,335519.515,338824.575,341321.34750000003,8062.811319154029,338824.575,335759.5475,344386.375,344222.54333333333,41233.12974870821,329703.31,320140.7625,344386.375,825.0,58.0258563056158,829.5,48.225166320777596,431.1216058737168,23.359627723995754,433.14519313601124,19.497720206089063,14.551725896581289,0.07701086464776451,14.549068395038708,0.06310333937539693,8.93971574603227,0.12806861041882087,8.977047083496807,0.12848694230920196,63.93690309837101,5.194595595091056,63.07447526898374,4.578683505255632,352596.79,-29546.369999999995,0.14563132782245905,2.950943396226415,258,1.0271317829457365,12.514489142043432,1.1246991812032752,0.4437855242534587,0.19327979824325878,0.18670361115766387,0.05338268868370454,0.05422181466286285
2023-06-12,310965.05,236,766,417.4539406779661,14.720338983050848,9.207627118644067,0.8686440677966102,96.29622881355932,0.4067796610169492,3.8728813559322033,6.432203389830509,435.6278851174934,23,323050.42,341649.57,335039.45,313631.01,14.418867924528302,14.482394366197184,14.634615384615385,9.052830188679245,8.79225352112676,9.023076923076923,0.8679245283018868,0.8943661971830986,0.8538461538461538,63.28460377358491,67.93757042253522,58.06619230769231,0.38113207547169814,0.3345070422535211,0.3730769230769231,782.0,887.0,772.0,333566.5233333334,9535.298565751573,335999.58,329525.0,338824.575,333934.755,7820.293519641962,335519.515,332042.1925,337412.0775,344169.9058333333,41262.12812431306,329703.31,320140.7625,344386.375,828.3333333333334,53.575491909391815,814.25,52.02803731322816,424.79114169480346,15.493451059297987,431.9795803643668,19.150090143622773,14.47981007655226,0.059691978304155444,14.518511403568041,0.09146907874817323,8.949633501233045,0.13848076336013887,8.967994356694014,0.11888270942503848,65.67637358700189,2.3292298375161455,63.77382826717449,4.253891065832848,335039.45,-24074.400000000023,0.2210515720029888,3.2457627118644066,231,1.0216450216450217,12.786735133582305,1.320310255673657,0.4684699132587408,0.26564660562336506,0.10855065545147276,0.05990142622137118,0.04215357963861212
2023-06-19,304213.45,243,770,417.5481893004115,14.962962962962964,9.139917695473251,0.8724279835390947,78.25164609053499,0.37037037037037035,3.8106995884773665,6.695473251028806,419.77740259740267,24,310965.05,323050.42,335999.58,390888.82,14.720338983050848,14.418867924528302,14.538167938931299,9.207627118644067,9.052830188679245,9.00381679389313,0.8686440677966102,0.8679245283018868,0.8549618320610687,96.29622881355932,63.28460377358491,65.80694656488551,0.4067796610169492,0.38113207547169814,0.3473282442748092,766.0,782.0,816.0,325221.68,15457.060503158176,323050.42,317007.735,332349.995,327916.155,13723.019409056955,329525.0,320029.0775,337412.0775,343947.7425,41448.260632934805,329703.31,320140.7625,344386.375,811.6666666666666,65.72924260428768,812.75,53.711420262981896,425.70264261632093,16.269453801384618,427.50032755047596,13.761907661617398,14.540533757925445,0.15892243842382256,14.539942303176908,0.12976501928971879,9.017570276150025,0.20991963331783473,9.014131905585801,0.17153655937849088,75.83946766989315,17.868179314799214,73.33133739364123,15.42759728369322,335999.58,-31786.130000000005,0.18641224040729049,3.168724279835391,236,1.0296610169491525,13.054107605547935,1.1736015851242187,0.47340572877366205,0.19613790908981835,0.1503297438032408,0.06403576173242834,0.042802348153903116
2023-06-26,281673.39,260,760,389.0870769230769,14.726923076923077,8.88076923076923,0.8653846153846154,56.56323076923076,0.36153846153846153,3.7653846153846153,6.376923076923077,389.97346052631576,25,304213.45,310965.05,341649.57,320561.13,14.962962962962964,14.720338983050848,14.482394366197184,9.139917695473251,9.207627118644067,8.79225352112676,0.8724279835390947,0.8686440677966102,0.8943661971830986,78.25164609053499,96.29622881355932,67.93757042253522,0.37037037037037035,0.4067796610169492,0.3345070422535211,770.0,766.0,887.0,312742.9733333333,9543.511839445047,310965.05,307589.25,317007.735,319969.6225,16420.015576487058,317007.735,309277.15,327700.2075,336724.795,40053.19077178847,323708.795,318389.9975,337412.0775,772.6666666666666,8.326663997862779,801.25,57.56952318718642,429.9862638504044,8.857438108539384,424.2213326115914,13.610309890571125,14.700723290180704,0.2725773913357182,14.646141059184824,0.2478894295316755,9.133458334265521,0.0776003536850317,9.048157130980831,0.18198825343583763,79.27749289255975,16.529704116858376,76.44251227505362,14.639075763191649,341649.57,-59976.17999999999,0.14504379526979075,2.923076923076923,253,1.0276679841897234,12.744452662721894,1.0568047337278106,0.4668336259949866,0.2131505571044535,0.12036373048941541,0.0672268331772483,0.05595324428764818
2023-07-03,405667.41000000003,278,786,536.665035971223,14.557553956834532,8.852517985611511,0.8812949640287769,63.274604316546764,0.3273381294964029,3.7697841726618706,6.661870503597123,538.4958651399492,26,281673.39,304213.45,323050.42,318879.66,14.726923076923077,14.962962962962964,14.418867924528302,8.88076923076923,9.139917695473251,9.052830188679245,0.8653846153846154,0.8724279835390947,0.8679245283018868,56.56323076923076,78.25164609053499,63.28460377358491,0.36153846153846153,0.37037037037037035,0.38113207547169814,760.0,770.0,782.0,298950.63,15338.620933877894,304213.45,292943.42000000004,307589.25,304975.5775,17379.552092803635,307589.25,298578.435,313986.39249999996,333484.15,42948.39479174511,323708.795,315432.02,337412.0775,765.3333333333334,5.033222956844257,769.5,9.291573243177226,415.12624941373724,23.17987361141792,419.98306301938226,21.273432116784942,14.803408340978962,0.13821756625108297,14.707273236866296,0.22294370750914877,9.07610468162885,0.17251984021679692,9.07028605839145,0.14134174548873535,77.03703522444168,19.894326906549967,73.5989273617275,17.63911859322193,323050.42,82616.99000000005,0.11750248871475065,2.827338129496403,272,1.0220588235294117,12.829498990735468,0.9254955747632111,0.5895559123174325,0.1363266277663271,0.13060704087616995,0.05666526182125401,0.03910526113004739
2023-07-10,300216.77,256,777,396.1688671874999,14.5546875,9.1015625,0.890625,51.3732421875,0.34375,3.76171875,6.39453125,403.30543114543116,27,405667.41000000003,281673.39,310965.05,456454.26,14.557553956834532,14.726923076923077,14.720338983050848,8.852517985611511,8.88076923076923,9.207627118644067,0.8812949640287769,0.8653846153846154,0.8686440677966102,63.274604316546764,56.56323076923076,96.29622881355932,0.3273381294964029,0.36153846153846153,0.4067796610169492,786.0,760.0,766.0,330518.0833333334,66049.82626806013,304213.45,292943.42000000004,354940.43000000005,325629.825,54808.45413645193,307589.25,298578.435,334640.64,340716.46249999997,47347.522287059175,329703.31,315432.02,344386.375,772.0,13.114877048602885,770.5,11.120551545074562,449.4155760878892,78.57189169125999,445.96865334529025,64.52301823020872,14.749146665573525,0.20361613757727695,14.741944744942856,0.16687467841968076,8.957734970617999,0.15840594098708874,9.020208007624515,0.1798327449917666,66.02982705877083,11.103615584880284,73.59642749746797,17.641068226350818,310965.05,-10748.27999999997,0.12738048689697637,3.03515625,247,1.0364372469635628,12.9627685546875,1.0433349609375,0.4595764253942242,0.2164763147641619,0.1233802828536194,0.06574332939495685,0.050460339041020257
2023-07-17,376215.85,275,799,512.6701818181817,14.832727272727272,9.170909090909092,0.8981818181818182,76.51563636363636,0.3527272727272727,3.752727272727273,6.341818181818182,497.19355444305387,28,300216.77,405667.41000000003,304213.45,316921.01,14.5546875,14.557553956834532,14.962962962962964,9.1015625,8.852517985611511,9.139917695473251,0.890625,0.8812949640287769,0.8724279835390947,51.3732421875,63.274604316546764,78.25164609053499,0.34375,0.3273381294964029,0.37037037037037035,777.0,786.0,770.0,329185.8566666667,66880.75385090786,300216.77,290945.08,352942.09,322942.755,56017.218461158474,302215.11,295580.92500000005,329576.94,327696.6716666667,31436.045345022947,323708.795,309277.15,337412.0775,774.3333333333334,13.203534880224462,773.25,10.996211468804164,443.924918937232,82.17166944516309,437.8880398522747,68.17060321440383,14.61305484458587,0.09862319653811305,14.700531874180143,0.19259615630504756,8.944949905460248,0.13636407807628873,8.993691852963497,0.14798609499556117,57.070359091092506,5.9668659682282765,62.36568084095313,11.657503566089515,304213.45,72002.39999999997,0.15389506899249253,2.9054545454545453,267,1.0299625468164795,13.322485950413222,1.0248330578512397,0.5403491373369835,0.20449834848797574,0.0992726914615639,0.05723727482507715,0.028383652629202092
2023-07-24,360474.01,280,827,471.79200000000003,14.564285714285715,9.146428571428572,0.9357142857142857,84.0265,0.42857142857142855,3.8607142857142858,6.760714285714286,464.33062877871834,29,376215.85,300216.77,281673.39,324367.17,14.832727272727272,14.5546875,14.726923076923077,9.170909090909092,9.1015625,8.88076923076923,0.8981818181818182,0.890625,0.8653846153846154,76.51563636363636,51.3732421875,56.56323076923076,0.3527272727272727,0.34375,0.36153846153846153,799.0,777.0,760.0,360700.01,54410.61787263205,376215.85,338216.31,390941.63,340943.355,59455.68567157524,338216.31,295580.92500000005,383578.74,332637.9083333333,34132.73603357252,329703.31,309277.15,344386.375,787.3333333333334,11.06044001535668,780.5,16.38088316707395,479.66495024281136,69.2788014822219,457.24207781368744,72.18616479930994,14.648322909853936,0.1597052939909521,14.66797295162122,0.13619232914637286,9.041663192173536,0.16743407446431322,9.001439701822457,0.1586227061254883,63.72116095589437,12.577144185035072,61.93167840922847,10.874987894555543,281673.39,78800.62,0.1809626477172233,2.9535714285714287,270,1.037037037037037,13.628010204081633,1.2658163265306122,0.47715298531508554,0.2078732389056287,0.1374486610005531,0.06402497644698435,0.05470671796837724
2023-07-31,358926.58,274,852,440.2323357664234,14.547445255474452,8.74087591240876,0.9525547445255474,63.925255474452555,0.36496350364963503,3.883211678832117,6.350364963503649,441.8334507042253,30,360474.01,376215.85,405667.41000000003,352596.79,14.564285714285715,14.832727272727272,14.557553956834532,9.146428571428572,9.170909090909092,8.852517985611511,0.9357142857142857,0.8981818181818182,0.8812949640287769,84.0265,76.51563636363636,63.274604316546764,0.42857142857142855,0.3527272727272727,0.3273381294964029,827.0,799.0,786.0,345635.54333333333,40113.59009082733,360474.01,330345.39,368344.93,360643.51,44426.22716955675,368344.93,345409.7,383578.74,335646.8116666667,34919.75451946849,335519.515,309277.15,354566.095,801.0,25.059928172282735,797.25,21.79258283606281,454.94320478906775,47.6428139487846,475.83136987678813,57.08315785092053,14.650566829004328,0.15782855214558794,14.627313610961881,0.13700152010920466,9.139633387445889,0.03516913862602423,9.067854536987294,0.14640147665612754,70.63845951704546,17.101599843493457,68.79749571692078,14.4406741183181,405667.41000000003,-46740.830000000016,0.14468179213810992,3.1094890510948905,260,1.0538461538461539,13.857237998827854,1.1348500186477704,0.5270719989586727,0.15564726357128525,0.12792507593057054,0.07233153365236979,0.05051194592498554
2023-08-07,355253.62,262,765,472.96679389312976,14.206106870229007,8.977099236641221,0.9045801526717557,62.70854961832061,0.41603053435114506,3.946564885496183,6.7251908396946565,485.86047058823533,31,358926.58,360474.01,300216.77,335039.45,14.547445255474452,14.564285714285715,14.5546875,8.74087591240876,9.146428571428572,9.1015625,0.9525547445255474,0.9357142857142857,0.890625,63.925255474452555,84.0265,51.3732421875,0.36496350364963503,0.42857142857142855,0.34375,852.0,827.0,777.0,365205.48,9566.5992157028,360474.01,359700.29500000004,368344.93,348958.3025,33419.99881161901,359700.29500000004,344249.1275,364409.47,336174.2941666667,35245.35921404647,335519.515,309277.15,359313.4375,826.0,26.514147167125135,813.75,32.69429104089366,467.78587797533254,27.841324173815778,451.6657662678571,39.44859389568828,14.648152747495814,0.16006785057142706,14.624786435621859,0.13879871269840194,9.019404524915474,0.24152321823625172,9.039944018686604,0.20143599442245141,74.82246394602963,10.157023801083195,68.96015850639722,14.36117179297552,300216.77,55036.84999999998,0.12906699230418733,2.9198473282442747,255,1.0274509803921568,12.850562321543034,1.214745644193229,0.577128559590751,0.12010076069034847,0.13792720817313558,0.05767772331215091,0.04195661679675495
2023-08-14,317624.69,260,820,412.7131923076923,14.807692307692308,8.992307692307692,0.9038461538461539,74.88888461538461,0.36538461538461536,3.9076923076923076,6.480769230769231,411.0924390243903,32,355253.62,358926.58,376215.85,335999.58,14.206106870229007,14.547445255474452,14.832727272727272,8.977099236641221,8.74087591240876,9.170909090909092,0.9045801526717557,0.9525547445255474,0.8981818181818182,62.70854961832061,63.925255474452555,76.51563636363636,0.41603053435114506,0.36496350364963503,0.3527272727272727,765.0,852.0,799.0,358218.07,2681.3443928534034,358926.58,357090.1,359700.29500000004,362717.515,9261.376413228012,359700.29500000004,358008.34,364409.47,337858.8083333333,35666.728262725796,338824.575,309277.15,359313.4375,814.6666666666666,44.79211240088261,810.75,37.40209441550913,464.00818335705964,22.015281016925943,472.3045261285582,24.46287552663425,14.439279279996391,0.20210870780545162,14.537641278179112,0.2567728255219303,8.954801240159519,0.20369374142283853,9.00882820284691,0.19833408931763563,70.22010169759106,11.972158069815817,71.79398536410238,10.269541619855742,376215.85,-58591.159999999974,0.18217042569090264,3.1538461538461537,257,1.0116731517509727,13.38387573964497,1.1523668639053253,0.49333416114471457,0.15476721913526306,0.13318378996292762,0.07937468589107478,0.06381638656617028
2023-08-21,292492.97,261,761,411.04693486590037,14.298850574712644,8.934865900383143,0.9157088122605364,64.10973180076628,0.3563218390804598,3.996168582375479,6.831417624521073,406.3411432325887,33,317624.69,355253.62,360474.01,341649.57,14.807692307692308,14.206106870229007,14.564285714285715,8.992307692307692,8.977099236641221,9.146428571428572,0.9038461538461539,0.9045801526717557,0.9357142857142857,74.88888461538461,62.70854961832061,84.0265,0.36538461538461536,0.41603053435114506,0.42857142857142855,820.0,765.0,827.0,343934.9633333333,22859.254601723544,355253.62,336439.155,357090.1,348069.725,20414.42374380159,357090.1,345846.3875,359313.4375,336327.56750000006,36145.03233501768,332349.995,309277.15,359313.4375,812.3333333333334,44.0037877157558,816.0,36.66969684448809,446.262120105617,37.580240426095564,450.77924727389234,31.98646690512919,14.520414811131921,0.3017022428371944,14.53138253692037,0.24731355184167325,8.903427613785892,0.14097913319491845,8.96417785319656,0.1673691837966025,67.17422990271926,6.708726875259014,71.38729742703944,10.050095988719459,360474.01,-67981.04000000004,0.15777317376909092,2.9157088122605366,255,1.0235294117647058,13.093583476461003,1.0389307262077774,0.389754666582243,0.23334560827222617,0.1474987928769707,0.09027622099772177,0.05692465018902849
2023-08-28,364416.99,279,860,428.2928315412187,14.792114695340501,9.182795698924732,0.8924731182795699,66.22670250896057,0.33691756272401435,3.935483870967742,6.960573476702509,445.2258604651163,34,292492.97,317624.69,358926.58,323050.42,14.298850574712644,14.807692307692308,14.547445255474452,8.934865900383143,8.992307692307692,8.74087591240876,0.9157088122605364,0.9038461538461539,0.9525547445255474,64.10973180076628,74.88888461538461,63.925255474452555,0.3563218390804598,0.36538461538461536,0.36496350364963503,761.0,820.0,852.0,321790.4266666667,31587.019780087172,317624.69,305058.82999999996,336439.155,331074.46499999997,31779.448550244197,336439.155,311341.76,356171.86,332231.18416666664,38213.37335863153,320337.555,303214.28,359313.4375,782.0,32.9696830436686,799.5,44.155029913551864,434.43135094840477,44.602236077592494,436.2818758873599,36.605155542350246,14.437549917544652,0.32388947253422856,14.465023752027102,0.27010277044798475,8.968090943110687,0.029761583948530918,8.911287185435203,0.11617731618938325,67.2357220114905,6.6647581545268455,66.40810537723101,5.687922703304557,358926.58,5490.409999999974,0.14874855301481185,3.082437275985663,268,1.041044776119403,13.201564728099587,1.0385272542747395,0.39638912005721794,0.22897505409942603,0.15798634964851668,0.08726953153309346,0.05851513673937102
2023-09-04,366571.31,247,789,466.6754655870446,14.31174089068826,9.048582995951417,0.9109311740890689,78.55975708502024,0.3805668016194332,3.951417004048583,6.5425101214574894,489.195906210393,35,364416.99,292492.97,355253.62,310965.05,14.792114695340501,14.298850574712644,14.206106870229007,9.182795698924732,8.934865900383143,8.977099236641221,0.8924731182795699,0.9157088122605364,0.9045801526717557,66.22670250896057,64.10973180076628,62.70854961832061,0.33691756272401435,0.3563218390804598,0.41603053435114506,860.0,761.0,765.0,324844.8833333333,36501.56924117261,317624.69,305058.82999999996,341020.83999999997,332447.0675,33457.67257985941,336439.155,311341.76,357544.4625,335678.3983333334,39163.89939987003,336439.155,303214.28,361459.755,813.6666666666666,49.802945026708045,801.5,47.388465544546385,420.88648090736507,21.2119718759829,437.12997832758265,36.81535007313483,14.632885859248484,0.28938787809417754,14.526191111993615,0.3183791853943263,9.036656430538521,0.1297782885856433,9.021767132064197,0.11006831649045164,68.40843964170382,5.711174707318593,66.98346713585802,5.465088983235029,355253.62,11317.690000000002,0.1605895635832106,3.194331983805668,241,1.0248962655601659,13.037010932813192,1.215656706387582,0.5252062415904835,0.19264740058353175,0.10314484240460609,0.08233159327171567,0.047068086152186876
2023-09-11,390005.76,280,894,459.8281428571429,14.95,8.807142857142857,0.9535714285714286,76.80735714285714,0.35714285714285715,4.0,6.114285714285714,460.3040492170023,36,366571.31,364416.99,317624.69,304213.45,14.31174089068826,14.792114695340501,14.807692307692308,9.048582995951417,9.182795698924732,8.992307692307692,0.9109311740890689,0.8924731182795699,0.9038461538461539,78.55975708502024,66.22670250896057,74.88888461538461,0.3805668016194332,0.33691756272401435,0.36538461538461536,789.0,860.0,820.0,341160.42333333334,42161.0132009386,364416.99,328454.98,365494.15,335276.49,36380.169167248045,341020.83999999997,311341.76,364955.57,340312.25333333336,39263.52950107778,357090.1,303214.28,364955.57,803.3333333333334,51.03266927501739,807.5,42.493136700726865,446.920969969366,41.45338326603237,437.9638372331221,38.29503314468469,14.467568720247135,0.28113894700568487,14.552599617108427,0.28568120700024996,9.055414865086432,0.1241060114504005,9.039638071891746,0.10613119333847727,69.63206379824904,7.803728071366412,70.94626900253293,6.892555584379147,317624.69,72381.07,0.16686222350967775,3.192857142857143,275,1.018181818181818,14.255892857142857,1.1403061224489797,0.5708646200507397,0.10797930266465809,0.14534013548928096,0.07782315830412351,0.03489994609310385
2023-09-18,309028.15,235,706,483.39978723404255,14.757446808510638,8.927659574468086,0.9404255319148936,84.3743829787234,0.4,3.8468085106382977,6.370212765957447,465.8018838526912,37,390005.76,366571.31,292492.97,281673.39,14.95,14.31174089068826,14.298850574712644,8.807142857142857,9.048582995951417,8.934865900383143,0.9535714285714286,0.9109311740890689,0.9157088122605364,76.80735714285714,78.55975708502024,64.10973180076628,0.35714285714285715,0.3805668016194332,0.3563218390804598,894.0,789.0,761.0,373664.6866666667,14192.719328219513,366571.31,365494.15,378288.53500000003,353371.7575,42207.82808050125,365494.15,346435.985,372429.9225,347461.6125,39898.54543088624,359700.29500000004,313272.71,368982.445,847.6666666666666,53.57549190939178,826.0,61.573803953737716,464.9086052975038,22.343739240205352,450.2667397812751,34.50167182428784,14.684618528676253,0.3324308078991538,14.588176540185351,0.33298306754243895,9.012840517339669,0.19035994318050087,8.993346863100538,0.16024340506710705,73.864605578946,6.672398284664416,71.42588713440105,7.312317679996065,292492.97,16535.18000000005,0.1811379170063782,3.0042553191489363,229,1.0262008733624455,13.878279764599366,1.2017021276595745,0.43924441834829614,0.21840427805686954,0.16468189063035193,0.057648308091026654,0.052672224197051296
2023-09-25,384910.48,282,897,457.2328014184397,14.152482269503546,9.053191489361701,0.9432624113475178,73.33524822695036,0.3404255319148936,4.028368794326241,6.432624113475177,452.16390189520627,38,309028.15,390005.76,364416.99,405667.41000000003,14.757446808510638,14.95,14.792114695340501,8.927659574468086,8.807142857142857,9.182795698924732,0.9404255319148936,0.9535714285714286,0.8924731182795699,84.3743829787234,76.80735714285714,66.22670250896057,0.4,0.35714285714285715,0.33691756272401435,706.0,894.0,860.0,355201.74,41668.85733754506,366571.31,337799.73,378288.53500000003,357505.5525,34333.06456879551,365494.15,350569.78,372429.9225,349741.17583333334,36428.65644547472,359700.29500000004,315475.555,368982.445,796.3333333333334,94.21429473988174,812.25,83.25212709995257,471.7672797600289,15.341913550144097,465.1319249363007,18.249053184585485,14.673062566399631,0.3273899783016271,14.702825598634849,0.27386033717857555,8.927795142520788,0.1207201264951197,8.991545281621772,0.16115795637276076,79.91383240220027,3.9610743458833166,76.49204992889034,7.569310040839043,364416.99,20493.48999999999,0.16218731287387592,3.1808510638297873,270,1.0444444444444445,13.349504552084905,1.0828429153463106,0.4224655821270442,0.1907064988201932,0.1813688471147889,0.08125634822933375,0.052203073296419475
2023-10-02,357217.75,280,850,423.5020714285714,14.42142857142857,9.07857142857143,0.9642857142857143,60.35782142857143,0.31785714285714284,3.8964285714285714,6.807142857142857,440.1387529411764,39,384910.48,309028.15,366571.31,300216.77,14.152482269503546,14.757446808510638,14.31174089068826,9.053191489361701,8.927659574468086,9.048582995951417,0.9432624113475178,0.9404255319148936,0.9109311740890689,73.33524822695036,84.3743829787234,78.55975708502024,0.3404255319148936,0.4,0.3805668016194332,897.0,706.0,789.0,361314.79666666663,45353.17557022016,384910.48,346969.315,387458.12,362628.925,37123.8659441788,375740.895,352185.52,386184.3,348011.43166666664,33939.450394066036,359700.29500000004,315475.555,368982.445,832.3333333333334,109.41815815180452,821.5,91.92932067626732,459.42327832163323,6.8615199479243385,466.8664352938232,15.905637790245777,14.619976359338061,0.41615168618045423,14.542917492175611,0.3731046680320824,8.929331306990882,0.12303283452563689,8.959144229231015,0.11681877807495572,78.1723294495103,5.644730823112739,78.26918635838778,4.612972550693866,366571.31,-9353.559999999998,0.13713362212538036,3.0357142857142856,269,1.0408921933085502,13.906377551020407,0.964923469387755,0.46316973330692557,0.18976663393686344,0.1347613605426942,0.07779014340692757,0.06542530431368541
2023-10-09,312175.95,243,745,481.4298353909465,14.60082304526749,9.012345679012345,0.9382716049382716,79.91761316872427,0.40329218106995884,3.954732510288066,6.950617283950617,445.09520805369124,40,357217.75,384910.48,390005.76,376215.85,14.42142857142857,14.152482269503546,14.95,9.07857142857143,9.053191489361701,8.807142857142857,0.9642857142857143,0.9432624113475178,0.9535714285714286,60.35782142857143,73.33524822695036,76.80735714285714,0.31785714285714284,0.3404255319148936,0.35714285714285715,850.0,897.0,894.0,350385.45999999996,38399.76746726837,357217.75,333122.95,371064.115,360290.535,37087.3312248629,371064.115,345170.35,386184.3,352761.51333333337,30451.774880213878,359700.29500000004,345846.3875,368982.445,817.6666666666666,99.52051714763799,836.75,89.77518216819904,452.701512896358,12.840009393952927,454.602146976519,11.151690475045715,14.443785883147584,0.3031013203608506,14.570339412360688,0.3539916994716509,9.019807497467072,0.08080510573808718,8.966641337386019,0.1251380799488504,72.68915087808173,12.021309766877344,73.71870244427558,10.029016139048219,390005.76,-77829.81,0.17955172673771838,3.065843621399177,234,1.0384615384615385,13.69953767210283,1.2364307608934952,0.39832696913391313,0.21836176041107583,0.1889136238714097,0.06741672444658213,0.060355033755803415
2023-10-16,363926.84,283,908,417.5286219081272,14.445229681978798,8.66077738515901,0.9363957597173145,98.68819787985865,0.43109540636042404,3.9151943462897525,6.307420494699647,431.5590308370044,41,312175.95,357217.75,309028.15,360474.01,14.60082304526749,14.42142857142857,14.757446808510638,9.012345679012345,9.07857142857143,8.927659574468086,0.9382716049382716,0.9642857142857143,0.9404255319148936,79.91761316872427,60.35782142857143,84.3743829787234,0.40329218106995884,0.31785714285714284,0.4,745.0,850.0,706.0,351434.72666666674,36710.495539227144,357217.75,334696.85,371064.115,340833.0825,36715.38857169036,334696.85,311389.0,364140.9325,347424.85500000004,31559.092485392743,358072.16500000004,316262.505,364955.57,830.6666666666666,77.82244748999679,799.5,89.0112352458946,445.7992876300247,6.043413594898107,450.79993668569125,11.152332902332102,14.391577962066535,0.2256560589982387,14.48304517367756,0.2596384174988925,9.048036198981825,0.03341250125839131,9.01794204285339,0.06608249712209087,71.20356094141536,9.952609268027208,74.49626645074237,10.459633157013258,309028.15,54898.69,0.22867832863664997,3.208480565371025,277,1.0216606498194947,13.526451822347639,1.383161233128145,0.4867564315948777,0.17114123816753937,0.154418618863066,0.06924323031519192,0.0370433519000687
2023-10-23,353257.92,257,742,492.0943968871596,14.505836575875486,8.972762645914397,0.933852140077821,88.86459143968872,0.3968871595330739,3.8832684824902723,6.501945525291829,506.86808625336926,42,363926.84,312175.95,384910.48,358926.58,14.445229681978798,14.60082304526749,14.152482269503546,8.66077738515901,9.012345679012345,9.053191489361701,0.9363957597173145,0.9382716049382716,0.9432624113475178,98.68819787985865,79.91761316872427,73.33524822695036,0.43109540636042404,0.40329218106995884,0.3404255319148936,908.0,745.0,897.0,344440.18,28142.288024904516,357217.75,334696.85,360572.29500000004,354557.755,30617.863179963388,360572.29500000004,345957.3,369172.75,347712.5908333333,31704.28858763159,358072.16500000004,316262.505,364955.57,834.3333333333334,82.62162751564087,850.0,74.38189743927387,438.9309972772907,6.8484325738166385,442.2392234317696,8.662839813563929,14.489160432891618,0.0974321685471887,14.404990892044601,0.1861900410981509,8.917231497580929,0.22455065421804327,8.951221495526122,0.19554183878245573,79.65454415905145,19.166542299075154,78.07472017602618,15.965199792178984,384910.48,-31652.559999999998,0.17532094414653634,2.88715953307393,253,1.0158102766798418,13.546306530000454,1.145876546200548,0.608628817154333,0.1441122112704508,0.09286274459182685,0.0597343719852056,0.04590252357257836
2023-10-30,332097.92,286,872,409.16590909090905,14.493006993006993,9.118881118881118,0.9545454545454546,56.33965034965035,0.3811188811188811,3.993006993006993,6.223776223776224,399.3246100917431,43,353257.92,363926.84,357217.75,355253.62,14.505836575875486,14.445229681978798,14.42142857142857,8.972762645914397,8.66077738515901,9.07857142857143,0.933852140077821,0.9363957597173145,0.9642857142857143,88.86459143968872,98.68819787985865,60.35782142857143,0.3968871595330739,0.43109540636042404,0.31785714285714284,742.0,908.0,850.0,343120.2366666667,27324.313742036004,353257.92,332716.935,358592.38,346644.615,23397.230281837976,355237.83499999996,342987.4275,358895.0225,347240.20249999996,31563.9327786594,356235.685,316262.505,364955.57,798.3333333333334,94.98596387537111,811.25,81.74503042999001,461.174108381355,40.14675246811977,455.91526952131034,34.425707939193664,14.517296434373925,0.07842716329482796,14.493329468637585,0.07998880180840014,8.881961903361917,0.19257114905093553,8.931114284664295,0.18543532021159095,89.1568008294239,9.388703443237368,81.95705597921076,16.312892810985982,357217.75,-25119.830000000016,0.14108734830219094,3.0489510489510487,274,1.0437956204379562,13.834233947870313,1.1620128123624625,0.4533398462718466,0.17900461406081677,0.14136776285741268,0.08887523294334394,0.05226250739540916
2023-11-06,355556.33,274,844,450.5239051094891,14.35036496350365,9.054744525547445,0.948905109489051,84.79788321167882,0.4343065693430657,4.0036496350364965,6.248175182481752,448.8044431279621,44,332097.92,353257.92,312175.95,317624.69,14.493006993006993,14.505836575875486,14.60082304526749,9.118881118881118,8.972762645914397,9.012345679012345,0.9545454545454546,0.933852140077821,0.9382716049382716,56.33965034965035,88.86459143968872,79.91761316872427,0.3811188811188811,0.3968871595330739,0.40329218106995884,872.0,742.0,745.0,349760.8933333333,16200.059682671463,353257.92,342677.92,358592.38,340364.65750000003,22980.82419084541,342677.92,327117.4275,355925.15,345310.56083333335,31736.832678010935,355237.83499999996,316262.505,364955.57,840.6666666666666,87.32315462311989,816.75,85.85792527969288,445.91724239403896,55.19074646685777,445.71173380895203,45.06493018035391,14.481357750287094,0.031938652741001945,14.51122407403219,0.06517699646957915,8.917473716651509,0.23400300636276417,8.941191707241718,0.19686317660181205,81.29747988973257,22.165192360696736,80.9525132094805,18.11094999256147,312175.95,43380.380000000005,0.18894171951747243,3.0802919708029197,267,1.0262172284644195,13.617134636901273,1.3377910384144067,0.5038670243896375,0.15148904816291697,0.14277900775947372,0.08961789542602151,0.04079854238567487
2023-11-13,344440.86,260,776,468.9359230769231,14.276923076923078,9.107692307692307,0.9538461538461539,79.27557692307693,0.4153846153846154,3.830769230769231,6.480769230769231,470.4284922680412,45,355556.33,332097.92,363926.84,292492.97,14.35036496350365,14.493006993006993,14.445229681978798,9.054744525547445,9.118881118881118,8.66077738515901,0.948905109489051,0.9545454545454546,0.9363957597173145,84.79788321167882,56.33965034965035,98.68819787985865,0.4343065693430657,0.3811188811188811,0.43109540636042404,844.0,872.0,908.0,346970.7233333333,12931.391316328536,353257.92,342677.92,354407.125,351209.75250000006,13540.977095003775,354407.125,347967.92,357648.9575,348471.5308333333,30597.176932578262,356387.04000000004,327117.4275,364955.57,819.3333333333334,68.42026990105565,841.5,71.31853429041658,451.66571315769147,53.8288023818924,446.6390425775197,45.08617281457239,14.449736177462043,0.08629674485064635,14.448609553591233,0.0704970158228757,9.048796096780986,0.07324063004319684,8.951791418875493,0.20301664152217527,76.6673750003393,17.721366230023346,82.17258072021913,18.18223604085039,363926.84,-19485.98000000004,0.16851780499278773,2.9846153846153847,255,1.0196078431372548,13.617988165680474,1.2397633136094675,0.3700260183997915,0.27737501874777576,0.17837726917764635,0.0706225446075126,0.030120352155664692
2023-11-20,311588.47,272,831,399.21540441176467,14.720588235294118,8.930147058823529,0.9632352941176471,74.05996323529412,0.39338235294117646,3.985294117647059,6.485294117647059,399.1970878459687,46,344440.86,355556.33,353257.92,364416.99,14.276923076923078,14.35036496350365,14.505836575875486,9.107692307692307,9.054744525547445,8.972762645914397,0.9538461538461539,0.948905109489051,0.933852140077821,79.27557692307693,84.79788321167882,88.86459143968872,0.4153846153846154,0.4343065693430657,0.3968871595330739,776.0,844.0,742.0,344031.7033333333,11734.556097927887,344440.86,338269.39,349998.595,346338.2575,10633.938108967332,348849.39,341355.125,353832.52249999996,352800.52166666667,25146.524598934455,356387.04000000004,341355.125,364955.57,830.6666666666666,49.369356217529294,808.5,59.91939029507332,439.5191818292488,36.45000100376195,456.3564079352789,44.94111458970698,14.37343167781124,0.10987319818431888,14.406532902327301,0.11149369508639766,9.093772650706956,0.0342592073617484,9.063520149508818,0.06665821410506345,73.47103682813537,15.090966459862589,77.3194254810237,14.528084068102403,353257.92,-41669.45000000001,0.18552230336878198,3.0551470588235294,262,1.0381679389312977,14.179390138408305,1.201840938581315,0.34327120640888925,0.26945711437910397,0.16064185558599137,0.10990098574571774,0.05091224973761064
2023-11-27,328604.33,264,765,478.1736742424243,14.575757575757576,9.215909090909092,0.9393939393939394,75.18079545454545,0.32954545454545453,3.928030303030303,6.246212121212121,455.49288888888896,47,311588.47,344440.86,332097.92,366571.31,14.720588235294118,14.276923076923078,14.493006993006993,8.930147058823529,9.107692307692307,9.118881118881118,0.9632352941176471,0.9538461538461539,0.9545454545454546,74.05996323529412,79.27557692307693,56.33965034965035,0.39338235294117646,0.4153846153846154,0.3811188811188811,831.0,776.0,872.0,337195.22,22861.925826624538,344440.86,328014.665,349998.595,335920.895,18839.870447817637,338269.39,326970.5575,347219.7275,348398.14499999996,27447.047391638087,354407.125,327117.4275,364587.9575,817.0,36.097091295559586,830.75,40.31025510545251,439.4766744139906,36.52031894536534,429.43865833342875,35.947223322281275,14.44929209190695,0.23780165209411566,14.460220817181959,0.19539063088338698,9.030861297354427,0.0911503444352219,9.052866252736099,0.08646268427768769,79.37780779001663,5.36968990887071,73.61826842992505,12.325240540183952,332097.92,-3493.5899999999674,0.16505371936308041,2.897727272727273,260,1.0153846153846153,13.692378328741967,0.9549328512396694,0.4101206761335129,0.2371788284104473,0.1636215201424765,0.06883625057527391,0.047055101191149855
2023-12-04,369666.44,280,848,462.53771428571434,14.557142857142857,8.942857142857143,0.9607142857142857,62.24007142857143,0.4107142857142857,3.960714285714286,6.414285714285715,456.47837264150945,48,328604.33,311588.47,355556.33,390005.76,14.575757575757576,14.720588235294118,14.35036496350365,9.215909090909092,8.930147058823529,9.054744525547445,0.9393939393939394,0.9632352941176471,0.948905109489051,75.18079545454545,74.05996323529412,84.79788321167882,0.32954545454545453,0.39338235294117646,0.4343065693430657,765.0,831.0,844.0,328211.22,16429.72257167111,328604.33,320096.4,336522.595,335047.4975,19154.528170019665,336522.595,324350.365,347219.7275,345234.23000000004,27349.840292565765,348849.39,324497.235,358895.0225,790.6666666666666,35.36005279030697,804.0,39.302247603243515,441.7061563342997,37.563729046568746,443.4807280327152,30.875323136349092,14.524422962658257,0.2262435083370141,14.480908462869605,0.2042012001528259,9.084582819141643,0.14427585068618787,9.077123245743094,0.11874171550877977,76.17211187097217,2.745484968663127,78.32855470614882,4.860669495824885,355556.33,14110.109999999986,0.13634834673197327,3.0285714285714285,275,1.018181818181818,13.985255102040817,1.243877551020408,0.4714367092668731,0.22478970501082,0.11829082997093272,0.07231408401584953,0.05463541672865949
2023-12-11,311196.23,272,816,418.369375,14.25,8.981617647058824,0.9558823529411765,44.8545955882353,0.3786764705882353,3.8970588235294117,6.235294117647059,396.3194607843137,49,369666.44,328604.33,344440.86,309028.15,14.557142857142857,14.575757575757576,14.276923076923078,8.942857142857143,9.215909090909092,9.107692307692307,0.9607142857142857,0.9393939393939394,0.9538461538461539,62.24007142857143,75.18079545454545,79.27557692307693,0.4107142857142857,0.32954545454545453,0.4153846153846154,848.0,765.0,776.0,336619.74666666664,29857.12357353626,328604.33,320096.4,349135.385,338575.025,24689.896830488255,336522.595,324350.365,350747.255,343539.2866666667,24837.875030653664,348849.39,324497.235,358895.0225,814.6666666666666,43.844421918110605,805.0,40.68578785440104,437.05611645878906,32.79058294978026,445.3992104111021,31.547484108553757,14.61782955606485,0.08947701690926636,14.532602936279407,0.18545007751467357,9.029637764196588,0.1614408310355944,9.049151400070517,0.13747201857246893,70.49361003947034,7.169709960460504,72.68910176037198,7.317825009131867,344440.86,-33244.630000000005,0.1131778780165585,3.0,261,1.0421455938697317,13.621323529411764,1.1360294117647058,0.4977709080858724,0.1895994691195327,0.11704380223372243,0.0753160152357887,0.03279432401864251
2023-12-18,419005.82,290,883,486.8260344827587,14.679310344827586,8.99655172413793,0.9275862068965517,82.37013793103448,0.3275862068965517,3.806896551724138,6.682758620689655,501.5777576443941,50,311196.23,369666.44,311588.47,384910.48,14.25,14.557142857142857,14.720588235294118,8.981617647058824,8.942857142857143,8.930147058823529,0.9558823529411765,0.9607142857142857,0.9632352941176471,44.8545955882353,62.24007142857143,74.05996323529412,0.3786764705882353,0.4107142857142857,0.39338235294117646,816.0,848.0,831.0,336489.0,30021.948306492057,328604.33,319900.28,349135.385,330263.8675,27493.40560901847,320096.4,311490.41,338869.85750000004,343719.96,24570.461650118516,348849.39,324497.235,358895.0225,809.6666666666666,41.860880704224286,815.0,35.80502757993624,436.0969074382374,34.45180316450745,426.8719525401702,33.64050632312408,14.460966810966811,0.18293953491360102,14.525872167048638,0.19789408770527936,9.046794626941686,0.14773412135904815,9.017632734912148,0.13398474115655518,60.75848749045073,15.217290094071208,64.08385642666157,14.092891569360242,311588.47,107417.35000000003,0.16422207060751048,3.0448275862068965,277,1.0469314079422383,13.616325802615933,0.9974435196195005,0.4797215943205753,0.19566642296281228,0.15029125371098662,0.0740436015900686,0.033362997201327654
2023-12-25,315876.93,264,753,438.3852272727272,14.431818181818182,8.988636363636363,0.9507575757575758,51.427992424242426,0.38636363636363635,3.912878787878788,6.776515151515151,437.52180610889764,51,419005.82,311196.23,328604.33,357217.75,14.679310344827586,14.25,14.575757575757576,8.99655172413793,8.981617647058824,9.215909090909092,0.9275862068965517,0.9558823529411765,0.9393939393939394,82.37013793103448,44.8545955882353,75.18079545454545,0.3275862068965517,0.3786764705882353,0.32954545454545453,883.0,816.0,765.0,366622.83,53969.200432895865,369666.44,340431.33499999996,394336.13,357118.205,47990.98508199113,349135.385,324252.305,382001.28500000003,346561.23833333334,30918.08954164795,348849.39,324497.235,358895.0225,849.0,33.51119216023156,828.0,50.126506627398854,451.4585303567391,52.80839305351159,452.4671199897766,43.1650313346457,14.495484400656814,0.22119712246359483,14.515552694432003,0.1850127661837769,8.973675504684634,0.02771435068424751,9.034233901240746,0.12321255778676102,63.154934982613746,18.77449628646462,66.16140010059667,16.466424542977645,328604.33,-12727.400000000023,0.11754383828686742,2.852272727272727,256,1.03125,13.72116046831956,1.1020144628099173,0.4909974590420389,0.11299226569031173,0.1782705688573078,0.08343252544590705,0.07016014116637136
2024-01-01,405370.72,274,842,482.3505474452554,14.434306569343066,9.186131386861314,0.9562043795620438,87.45127737226277,0.4124087591240876,3.8065693430656933,6.978102189781022,509.89592636579573,52,315876.93,419005.82,369666.44,312175.95,14.431818181818182,14.679310344827586,14.557142857142857,8.988636363636363,8.99655172413793,8.942857142857143,0.9507575757575758,0.9275862068965517,0.9607142857142857,51.427992424242426,82.37013793103448,62.24007142857143,0.38636363636363635,0.3275862068965517,0.4107142857142857,753.0,883.0,848.0,348692.99333333335,60937.65201839514,315876.93,313536.57999999996,367441.375,353936.355,50848.49707985375,342771.685,314706.755,382001.28500000003,343116.17,31910.03612017014,338269.39,314951.685,357648.9575,817.3333333333334,65.01025560119957,825.0,55.250942676724186,445.1396748458685,53.04103324353214,447.9743492947788,43.6773280847118,14.453709508881921,0.21549075547329816,14.479567845947157,0.1833906345648163,8.988935244944374,0.00747152341086295,8.977415719422565,0.023833036896476777,59.55090864783741,20.033479610398278,60.22319934302091,16.412437437773207,369666.44,35704.27999999997,0.171508091848386,3.072992700729927,268,1.0223880597014925,13.80214715754702,1.267329106505408,0.5637270249809854,0.14856100114976237,0.14098213605560855,0.07015605369820495,0.016249767620118198
2024-01-08,324318.46,259,768,411.39386100386105,14.243243243243244,9.135135135135135,0.9536679536679536,43.54602316602317,0.32432432432432434,3.8030888030888033,7.042471042471043,436.97510416666665,53,405370.72,315876.93,311196.23,363926.84,14.434306569343066,14.431818181818182,14.25,9.186131386861314,8.988636363636363,8.981617647058824,0.9562043795620438,0.9507575757575758,0.9558823529411765,87.45127737226277,51.427992424242426,44.8545955882353,0.4124087591240876,0.38636363636363635,0.3786764705882353,842.0,753.0,816.0,380084.49,56021.755228372545,405370.72,360623.82499999995,412188.27,362862.425,57259.84163473877,360623.82499999995,314706.755,408779.495,350882.4008333333,34896.358422765,348849.39,325422.48,365361.74,826.0,66.4605145932528,823.5,54.494648055260086,482.99849670636246,39.6029673571638,461.32873772585026,54.07319575743936,14.515145031996278,0.14217677542716942,14.448858773997209,0.17621472406883723,9.057106491545204,0.11180890367706883,9.038234280423607,0.09878661534565308,73.74980257584656,19.49748447463146,66.52600082894374,21.498089386576225,311196.23,13122.23000000004,0.09965332750264483,2.965250965250965,249,1.0401606425702812,13.583324637378691,0.9617030157570698,0.4055482379880565,0.2410558128575228,0.1525018341539979,0.08479400155020468,0.055512350422482884
2024-01-15,424688.56,313,959,478.18753993610227,14.603833865814696,8.907348242811501,0.9776357827476039,81.2820447284345,0.3993610223642173,3.984025559105431,6.313099041533547,469.3741814389989,54,324318.46,405370.72,419005.82,353257.92,14.243243243243244,14.434306569343066,14.679310344827586,9.135135135135135,9.186131386861314,8.99655172413793,0.9536679536679536,0.9562043795620438,0.9275862068965517,43.54602316602317,87.45127737226277,82.37013793103448,0.32432432432432434,0.4124087591240876,0.3275862068965517,768.0,842.0,883.0,348522.0366666666,49412.99884378009,324318.46,320097.695,364844.58999999997,366142.9825,53570.083984148165,364844.58999999997,322208.0775,408779.495,347581.7025,35419.645792134295,338269.39,322208.0775,359083.85750000004,787.6666666666666,47.648014998877976,811.5,61.52777150739869,461.4642788804533,41.94392780083615,471.49264857143856,39.68796854897132,14.369789331468164,0.1095991895585429,14.44716958480802,0.17877025105524266,9.103300961877604,0.10252381181900717,9.076613652442685,0.09927875536135089,60.80843098750946,23.407526726633204,66.1988577233907,21.943146383741656,419005.82,5682.739999999991,0.173171103019006,3.0638977635782747,303,1.033003300330033,14.277230552521717,1.2236013432820587,0.4905009449748305,0.16646596272807537,0.1918374255242477,0.044555638607265524,0.041830370942885775
2024-01-22,258917.63,256,710,385.610234375,14.8828125,9.1015625,0.96484375,51.6815625,0.3828125,4.03125,6.47265625,383.30719718309865,55,424688.56,324318.46,315876.93,332097.92,14.603833865814696,14.243243243243244,14.431818181818182,8.907348242811501,9.135135135135135,8.988636363636363,0.9776357827476039,0.9536679536679536,0.9507575757575758,81.2820447284345,43.54602316602317,51.427992424242426,0.3993610223642173,0.32432432432432434,0.38636363636363635,959.0,768.0,753.0,384792.58,53255.36712761619,405370.72,364844.58999999997,415029.64,367563.6675,55480.6073235993,364844.58999999997,322208.0775,410200.18,353534.25583333336,41874.39847342906,338269.39,322208.0775,378592.51,856.3333333333334,96.30334019821585,830.5,94.08683932056242,472.0817373238204,36.53573212214742,463.4417545200898,34.474681906136205,14.427127892800335,0.18040246483708167,14.428300465054798,0.1473166631748259,9.07620492160265,0.14844051974381284,9.05431278211108,0.1288673284969795,70.75978175557348,23.768810451538403,65.92683442274071,21.68103056918304,315876.93,-56959.29999999999,0.1348306603158111,2.7734375,251,1.0199203187250996,14.359588623046875,1.06170654296875,0.3351350388924848,0.1765306595769473,0.24417217166710511,0.1306293820162034,0.03572410268084101
2024-01-29,317079.41,273,755,432.813956043956,14.428571428571429,8.926739926739927,0.9633699633699634,65.07443223443224,0.3516483516483517,3.95970695970696,6.355311355311355,443.50295364238406,56,258917.63,424688.56,405370.72,355556.33,14.8828125,14.603833865814696,14.434306569343066,9.1015625,8.907348242811501,9.186131386861314,0.96484375,0.9776357827476039,0.9562043795620438,51.6815625,81.2820447284345,87.45127737226277,0.3828125,0.3993610223642173,0.4124087591240876,710.0,959.0,842.0,335974.88333333336,83497.93088430761,324318.46,291618.04500000004,374503.51,353323.8425,76497.59371797532,364844.58999999997,307968.2525,410200.18,347435.8983333334,49849.43470307596,336522.595,314804.815,378592.51,812.3333333333334,130.28558375097876,819.75,107.4069364612919,429.8854942629214,43.469280775816806,449.88810228863997,53.480241448906916,14.57662986968598,0.320651292841809,14.541049044600252,0.2713094448335237,9.048015292648879,0.1229723328230507,9.082544316201988,0.12186253305843874,58.836543464819236,19.85943466705143,65.9902269416801,21.624804723859167,405370.72,-88291.31,0.1467282950428885,2.7655677655677655,267,1.0224719101123596,13.900052328623758,0.9725073461337198,0.5067210765908767,0.1765351461957117,0.14020863101769995,0.05853416972108028,0.054724177769852674
2024-02-05,283826.63,251,760,429.5566135458167,14.745019920318725,9.091633466135459,0.9641434262948207,58.36462151394422,0.38645418326693226,3.7848605577689245,6.46613545816733,392.7317763157895,57,317079.41,258917.63,324318.46,344440.86,14.428571428571429,14.8828125,14.243243243243244,8.926739926739927,9.1015625,9.135135135135135,0.9633699633699634,0.96484375,0.9536679536679536,65.07443223443224,51.6815625,43.54602316602317,0.3516483516483517,0.3828125,0.32432432432432434,755.0,710.0,768.0,333561.86666666664,84105.611237257,317079.41,287998.52,370883.985,331251.015,68827.29136103224,320698.935,302538.96499999997,349410.985,344229.48833333334,50512.67143886694,326461.395,314804.815,378592.51,808.0,132.6913712341536,798.0,110.17259187293361,432.0614440881606,44.15951256961375,433.28985910778704,36.139697205414485,14.63840593146204,0.22908548303086493,14.539615259407341,0.27207565105512077,8.97855022318381,0.10697207363149885,9.017696451171641,0.11729617081295558,66.0126798209556,14.822529083769004,60.39601565722248,16.51239668467628,324318.46,-40491.830000000016,0.14861191539289692,3.0278884462151394,245,1.0244897959183674,14.21631402676148,1.1701401565054523,0.47592119879660333,0.1532251924352553,0.14577863958713105,0.08235196253431187,0.052242243795094206
2024-02-12,402103.87,272,819,517.1173161764706,14.356617647058824,9.180147058823529,0.9522058823529411,44.28933823529412,0.3125,3.9080882352941178,6.213235294117647,505.6783516483517,58,283826.63,317079.41,424688.56,311588.47,14.745019920318725,14.428571428571429,14.603833865814696,9.091633466135459,8.926739926739927,8.907348242811501,0.9641434262948207,0.9633699633699634,0.9776357827476039,58.36462151394422,65.07443223443224,81.2820447284345,0.38645418326693226,0.3516483516483517,0.3993610223642173,760.0,755.0,959.0,286607.88999999996,29180.468100816608,283826.63,271372.13,300453.02,321128.0575,73035.84281684858,300453.02,277599.38,343981.6975,339178.30250000005,53435.701898961124,320698.935,311490.41,378592.51,741.6666666666666,27.53785273642986,796.0,110.96846398864858,406.5139757137574,32.378141378257034,422.2290271450678,41.070030338782765,14.685467949630052,0.232902480993268,14.665059428676212,0.1944952647546295,9.039978630958462,0.09819317454991945,9.006821033921721,0.10404632614271615,58.373538749458824,6.696439320167212,64.10066524420274,12.692311764462563,424688.56,-22584.690000000002,0.08758401084587637,3.011029411764706,265,1.0264150943396226,13.670455774221454,0.9409466911764707,0.5156667604318258,0.20789847160635386,0.13381917960650316,0.05373623984270532,0.040020952795107395
2024-02-19,305775.02999999997,254,740,423.90696850393704,14.692913385826772,8.89763779527559,0.9763779527559056,64.24704724409449,0.41732283464566927,3.937007874015748,5.960629921259843,435.2618648648649,59,402103.87,283826.63,258917.63,328604.33,14.356617647058824,14.745019920318725,14.8828125,9.180147058823529,9.091633466135459,9.1015625,0.9522058823529411,0.9641434262948207,0.96484375,44.28933823529412,58.36462151394422,51.6815625,0.3125,0.38645418326693226,0.3828125,819.0,760.0,710.0,334336.63666666666,60997.83012266024,317079.41,300453.02,359591.64,315481.885,62469.96740911015,300453.02,277599.38,338335.52499999997,346721.2525,55534.42148234816,326461.395,314706.755,402920.5825,778.0,35.59494346111488,761.0,44.72881248889424,447.30436053550847,56.56916333669648,431.30506969740594,56.189762321067,14.510069665316324,0.20662902364566002,14.603255373987244,0.2513921388531823,9.066173483899638,0.12860774342665302,9.075020737924728,0.10648816864485193,55.909463994556866,10.607821735493168,54.85248862091764,8.91549451292092,258917.63,46857.399999999965,0.14760550470931144,2.9133858267716537,245,1.036734693877551,14.345836691673384,1.2158224316448634,0.4467110999874647,0.1754863698320952,0.177120152682186,0.08957202947539569,0.039482458721367804
2024-02-26,319151.25,244,718,467.33799180327867,14.69672131147541,8.827868852459016,0.9631147540983607,76.40086065573772,0.3524590163934426,3.9672131147540983,6.680327868852459,470.46387186629516,60,305775.02999999997,402103.87,317079.41,369666.44,14.692913385826772,14.356617647058824,14.428571428571429,8.89763779527559,9.180147058823529,8.926739926739927,0.9763779527559056,0.9522058823529411,0.9633699633699634,64.24704724409449,44.28933823529412,65.07443223443224,0.41732283464566927,0.3125,0.3516483516483517,740.0,819.0,755.0,330568.51,62915.926945306805,305775.02999999997,294800.82999999996,353939.44999999995,327196.235,51811.499981123445,311427.22,300287.93,338335.52499999997,344818.81083333335,56592.42682050607,320698.935,309840.93,402920.5825,773.0,41.07310555582527,768.5,34.72271110766931,444.557330943002,57.04416260272276,444.2937366178475,46.579347203493676,14.598183651068107,0.2108183423090782,14.555780595443938,0.19188970479861192,9.056472773411526,0.14449940045626525,9.024039561743626,0.13463916232356737,55.63366899777762,10.255296848660771,57.99385980694127,9.612287878478599,317079.41,2071.8400000000256,0.1623947453237189,2.942622950819672,241,1.012448132780083,14.154629131953776,1.0371539908626712,0.59284145056615,0.0880848500515038,0.14373959055463514,0.05925406840800405,0.05171864437316163
2024-03-04,331965.01,265,780,487.48992452830186,14.60754716981132,9.143396226415094,0.9849056603773585,67.28301886792453,0.4528301886792453,3.943396226415094,6.441509433962264,448.455141025641,61,319151.25,305775.02999999997,283826.63,311196.23,14.69672131147541,14.692913385826772,14.745019920318725,8.827868852459016,8.89763779527559,9.091633466135459,0.9631147540983607,0.9763779527559056,0.9641434262948207,76.40086065573772,64.24704724409449,58.36462151394422,0.3524590163934426,0.41732283464566927,0.38645418326693226,718.0,740.0,760.0,342343.3833333333,52184.457842826356,319151.25,312463.14,360627.56,327714.195,51686.85550571204,312463.14,300287.93,339889.405,340609.21166666667,56454.72909571668,318115.32999999996,309840.93,402920.5825,759.0,53.11308689955767,759.25,43.369536159228886,470.4680294598372,35.208243575850545,451.0339661738253,48.34402624609545,14.582084114787001,0.19526897123403972,14.622818066169932,0.17904468697023254,8.968551235519378,0.18653825525949477,8.999321793173399,0.1642710848674477,61.645748711708784,16.213035914985344,60.82546691226763,13.339158068473292,283826.63,48138.380000000005,0.15003288559485492,2.943396226415094,260,1.0192307692307692,14.387055891776432,1.3328586685653256,0.5410568722287931,0.1651818666069656,0.1261629350635478,0.07036889219137885,0.0240871470158858
2024-03-11,357014.16,282,860,429.5935106382979,14.712765957446809,8.960992907801419,0.9680851063829787,68.80535460992908,0.38652482269503546,3.7943262411347516,6.549645390070922,437.6945,62,331965.01,319151.25,402103.87,419005.82,14.60754716981132,14.69672131147541,14.356617647058824,9.143396226415094,8.827868852459016,9.180147058823529,0.9849056603773585,0.9631147540983607,0.9522058823529411,67.28301886792453,76.40086065573772,44.28933823529412,0.4528301886792453,0.3524590163934426,0.3125,780.0,718.0,819.0,318963.76333333337,13095.996584365612,319151.25,312463.14,325558.13,339748.79,42923.25809117156,325558.13,315807.195,349499.725,342339.9433333333,55785.42849549403,321734.855,313351.45499999996,402920.5825,746.0,31.432467291002865,764.25,44.619689226468864,451.39362591893365,17.784019352588928,464.9648073512882,30.782388223924272,14.665727289037832,0.050421421829832266,14.588449878543083,0.15994396688838763,8.9563009580499,0.16574198601717754,9.012262483243308,0.1756142737948751,69.31030892258559,6.325442580211675,63.055066250762714,13.534636779658282,402103.87,-45089.71000000002,0.15719949556123983,3.049645390070922,270,1.0444444444444445,14.243209597102762,1.1787636436798954,0.34682495506620803,0.2780271796502413,0.19427002559226222,0.06123880352532796,0.05048567261309748
2024-03-18,299723.32,272,830,394.88088235294117,14.400735294117647,9.194852941176471,0.9852941176470589,46.930551470588235,0.3860294117647059,3.9595588235294117,6.540441176470588,376.4920843373494,63,357014.16,331965.01,305775.02999999997,315876.93,14.712765957446809,14.60754716981132,14.692913385826772,8.960992907801419,9.143396226415094,8.89763779527559,0.9680851063829787,0.9849056603773585,0.9763779527559056,68.80535460992908,67.28301886792453,64.24704724409449,0.38652482269503546,0.4528301886792453,0.41732283464566927,860.0,780.0,740.0,336043.4733333333,19258.12518881364,331965.01,325558.13,344489.58499999996,328476.3625,21824.182061369775,325558.13,315807.195,338227.2975,337173.9716666667,50676.85789505065,321734.855,313351.45499999996,368286.58749999997,786.0,71.1898869222305,774.5,62.511332305964025,452.20450429731204,16.703329812797516,447.96884443920027,16.055032719510574,14.672344812911179,0.056686934822376654,14.67748695614008,0.04741348894900937,8.977419328891843,0.15840376072330012,8.95747394548778,0.13534809769896944,70.82974471119712,4.884401312185765,69.18407034442146,5.170869746780665,305775.02999999997,-6051.709999999963,0.1246521598274478,3.051470588235294,261,1.0421455938697317,14.188959775086506,1.1779573961937717,0.39815573909964697,0.2894926560936266,0.11197920802425383,0.05549514799182125,0.07111895731036211
2024-03-25,390625.98,256,767,509.1567578125,14.453125,9.05078125,0.984375,104.1288671875,0.38671875,3.9140625,6.60546875,544.0455932203389,64,299723.32,357014.16,319151.25,405370.72,14.400735294117647,14.712765957446809,14.69672131147541,9.194852941176471,8.960992907801419,8.827868852459016,0.9852941176470589,0.9680851063829787,0.9631147540983607,46.930551470588235,68.80535460992908,76.40086065573772,0.3860294117647059,0.38652482269503546,0.3524590163934426,830.0,860.0,718.0,329567.49666666664,28720.56997369684,331965.01,315844.16500000004,344489.58499999996,326963.435,24021.628623622124,325558.13,314294.2675,338227.2975,335827.83749999997,51501.83190690404,321734.855,304262.1025,368286.58749999997,823.3333333333334,40.41451884327337,797.0,62.150355322127176,420.8805751209968,38.81625219361247,433.2763993073214,40.237960335217196,14.573682807125259,0.15874785040909073,14.604442433212798,0.14347545107503817,9.099747358464327,0.12288834996688361,9.031777731963,0.16895910218740742,61.00630831614729,12.213704377023387,64.8549464010449,12.597530585012006,319151.25,71474.72999999998,0.19139731758718195,2.99609375,251,1.0199203187250996,14.227294921875,1.1586456298828125,0.5543209901195,0.16697739868710218,0.11562216112712217,0.0734436301446207,0.04539447171434936
